user_id,total_messages,avg_score
user_2,1,0.26875579357147217
user_1,2,0.36447280645370483
